{
  "epsilon": 0.22187562908321523,
  "lr": 0.000765937940240106,
  "discount": 0.9720642128030273,
  "reward_shaping": 0.9900833991534104,
  "partial_reward": 0.22058483473335655,
  "near_success_reward": 0.3458387184061784,
  "entropy_bonus": 0.07953056886889034
}