{
  "epsilon": 0.2572706079695763,
  "lr": 0.0016740300237046532,
  "discount": 0.9283756623786634,
  "reward_shaping": 1.3063689804589529,
  "partial_reward": 0.05130427099232749,
  "near_success_reward": 0.09871551599706904,
  "entropy_bonus": 0.04153490224229512
}