{
  "epsilon": 0.32724031466122433,
  "lr": 0.0023159892160242784,
  "discount": 0.9463197454801615,
  "reward_shaping": 0.9804017715350076,
  "partial_reward": 0.04737072478931982,
  "near_success_reward": 0.14791743350393266,
  "entropy_bonus": 0.03014970266406012
}