{
  "epsilon": 0.23165444331648494,
  "lr": 0.0005160763622317037,
  "discount": 0.9738846727067756,
  "reward_shaping": 0.7804589159880959,
  "partial_reward": 0.14677747317724546,
  "near_success_reward": 0.27288012317223,
  "entropy_bonus": 0.029825878344146108
}