{
  "epsilon": 0.3450761884023703,
  "lr": 0.0017036589837484105,
  "discount": 0.9339211693166211,
  "reward_shaping": 0.9956265688683928,
  "partial_reward": 0.05053331813196991,
  "near_success_reward": 0.1342694423753096,
  "entropy_bonus": 0.024484866322753044
}