{
  "epsilon": 0.17335866354770216,
  "lr": 0.0007155914072894687,
  "discount": 0.9694535115692946,
  "reward_shaping": 0.8521534878607218,
  "partial_reward": 0.16357402052928544,
  "near_success_reward": 0.23662527518368984,
  "entropy_bonus": 0.03211391375932074
}