{
  "epsilon": 0.2900457496712077,
  "lr": 0.0013821507724581935,
  "discount": 0.9253133869901794,
  "reward_shaping": 1.1853715867440404,
  "partial_reward": 0.04704131268681013,
  "near_success_reward": 0.1096451618931206,
  "entropy_bonus": 0.023042423126119448
}