{
  "epsilon": 0.26014441568341207,
  "lr": 0.0006572490189623783,
  "discount": 0.9668456205197025,
  "reward_shaping": 0.8895680638845231,
  "partial_reward": 0.23477445835588776,
  "near_success_reward": 0.37352201676450547,
  "entropy_bonus": 0.1
}