{
  "epsilon": 0.28655236561270947,
  "lr": 0.002421793697472952,
  "discount": 0.9288563387928446,
  "reward_shaping": 1.4965598860341138,
  "partial_reward": 0.060001699864625974,
  "near_success_reward": 0.10063897738439641,
  "entropy_bonus": 0.06029279095753271
}