{
  "epsilon": 0.25210655064813237,
  "lr": 0.0009765855555926388,
  "discount": 0.9642138573744231,
  "reward_shaping": 0.6439588602856271,
  "partial_reward": 0.2016705960086504,
  "near_success_reward": 0.3992260674946437,
  "entropy_bonus": 0.058453134815787955
}