{
  "epsilon": 0.2544960416621758,
  "lr": 0.00027998857604223995,
  "discount": 0.9879684857881449,
  "reward_shaping": 0.8106984192930649,
  "partial_reward": 0.14384229268885157,
  "near_success_reward": 0.326644029203925,
  "entropy_bonus": 0.05628826353315758
}